class,avga1,avga2,avga3,avga4,avga5,avga6,avga7,avga8,avga9
class0,43.9923222041855,-0.5012284473303207,84.72906155398587,0.308603518624139,39.265037511516695,2.2458430219804324,40.749659983328215,45.44873426051858,4.894923880138639
class1,53.18,37.26,78.76,0.0,-5.36,0.38,25.64,84.92,59.32
class2,54.45029239766082,-48.93567251461988,91.60233918128655,-0.017543859649122806,27.52046783625731,-4.029239766081871,37.10526315789474,64.08771929824562,27.157894736842106
class3,55.4398517353701,0.22599123890823317,86.59541727507582,0.5157811973492081,21.745254408626305,-1.435021902729417,30.979782095922722,65.20038189374368,34.17387397506459
class4,87.43403734312825,12.997551270278542,90.33608815426997,-1.1153963881236608,4.651974288337925,1.3409856137128864,2.8735843281297826,86.44689317416591,83.44475053565962
class5,70.8,1653.8,90.2,-1.9,32.8,-4.9,19.4,57.1,37.6
class6,37.0,-2522.076923076923,92.23076923076923,5.153846153846154,30.307692307692307,0.7692307692307693,55.23076923076923,61.61538461538461,6.923076923076923
